{"0":{"neighbours":[[3,0.01],[4,0.01],[1,0.01]],"position":[379.4528448879618,231.320764625145],"population":[5000,0,0,0]},"1":{"neighbours":[[0,0.01],[6,0.01],[5,0.01]],"position":[693.7170071410056,243.09434995450977],"population":[2000,0,0,0]},"2":{"neighbours":[[4,0.001]],"position":[76.05660755433163,234.94340626494954],"population":[1000,0,0,0]},"3":{"neighbours":[[4,0.01],[0,0.01]],"position":[320.58491824113804,328.22642848991643],"population":[500,0,0,0]},"4":{"neighbours":[[3,0.01],[0,0.01],[2,0.001]],"position":[270.77359569382565,235.84906667490066],"population":[500,0,0,0]},"5":{"neighbours":[[6,0.01],[1,0.01]],"position":[776.1321044465589,189.66038576739277],"population":[500,0,0,0]},"6":{"neighbours":[[1,0.01],[5,0.01]],"position":[797.8679542853861,280.22642676250626],"population":[300,0,0,0]}}