{"0":{"neighbours":[[1,0.001]],"position":[125.86793010164405,220.45283970573138],"population":1000},"1":{"neighbours":[[0,0.01],[2,0.0055]],"position":[374.01888242825504,205.9622731465132],"population":1000},"2":{"neighbours":[[1,0.01]],"position":[620.3585139349636,212.30189601617116],"population":1000}}