{"0":{"neighbours":[[1,0.01]],"position":[207.50944207783257,101.98113830066674],"population":1000},"1":{"neighbours":[[4,0.05],[0,0.01],[2,0.01]],"position":[313.4717100421154,241.45284143314154],"population":1000},"2":{"neighbours":[[1,0.01]],"position":[210.22642330768596,356.47171349693565],"population":1000},"3":{"neighbours":[[4,0.01]],"position":[728.2641777997351,102.88679871061788],"population":1000},"4":{"neighbours":[[1,0.01],[5,0.01],[3,0.01]],"position":[664.8679491031556,216.09434995450977],"population":600},"5":{"neighbours":[[4,0.01]],"position":[757.2453109181714,303.9434097197698],"population":3000}}