{"0":{"neighbours":[[2,0.01],[1,0.01]],"position":[301.6981247127506,92.92453420115538]},"1":{"neighbours":[[2,0.01],[0,0.01]],"position":[309.8490684023108,271.339634961529]},"2":{"neighbours":[[0,0.01],[1,0.01],[3,0.01]],"position":[578.8302101577979,317.5283158690369]},"3":{"neighbours":[[2,0.01]],"position":[681.1698364822761,95.6415154310088]}}