{"0":{"neighbours":[[1,1.0E-4]],"position":[182.0188755186144,147.09434649968944],"population":[1000,0,0,0]},"1":{"neighbours":[[0,1.0E-4],[2,1.0E-4]],"position":[239.07548134553593,314.64152234064943],"population":[1000,0,0,0]},"2":{"neighbours":[[1,1.0E-4]],"position":[556.0566248284331,292.90567250182215],"population":[1000,0,0,0]}}