{"0":{"neighbours":[[2,0.01],[1,0.01]],"position":[414.0000155466913,135.49057346885874]},"1":{"neighbours":[[2,0.01],[0,0.01]],"position":[277.24529364407,224.24529364407]},"2":{"neighbours":[[0,0.01],[1,0.01]],"position":[629.5471931150614,274.0566161913824]}}