{"0":{"neighbours":[[1,1.0E-4]],"position":[198.32076289773482,161.5849130589076],"population":1000},"1":{"neighbours":[[0,1.0E-4],[2,1.0E-4]],"position":[297.9434079923597,247.62265200426543],"population":1000},"2":{"neighbours":[[1,1.0E-4]],"position":[488.132094082098,350.8679387386948],"population":1000}}