{"0":{"neighbours":[[3,0.01],[4,0.01]],"position":[292.64152061323927,158.1320837176371],"population":1000},"1":{"neighbours":[[2,1.0E-4],[4,0.01]],"position":[234.6792543763666,347.4151093974243],"population":1000},"2":{"neighbours":[[3,0.01],[1,0.01]],"position":[499.132094082098,396.3207715347856],"population":1000},"3":{"neighbours":[[0,0.01],[2,0.01]],"position":[553.4717186791661,191.6415188858291],"population":1000},"4":{"neighbours":[[0,0.01],[1,0.01]],"position":[186.67925264895646,229.67925610377677],"population":1000}}