{"0":{"neighbours":[[1,0.01]],"position":[137.6415154310088,139.84906322008035],"population":[228,27,370,460]},"1":{"neighbours":[[3,0.01],[0,0.01],[2,0.01]],"position":[351.37737217947665,237.66038749480293],"population":[242,100,260,355]},"2":{"neighbours":[[1,0.01]],"position":[174.77359223900532,367.1698261178152],"population":[508,196,145,119]},"3":{"neighbours":[[1,0.01],[5,0.01],[4,0.01]],"position":[525.2641708900945,241.2830291346075],"population":[329,208,214,254]},"4":{"neighbours":[[3,0.01],[5,0.01]],"position":[808.7358792047997,188.75472535744163],"population":[793,111,54,43]},"5":{"neighbours":[[3,0.01],[4,0.01]],"position":[812.3585208446043,361.7358636581084],"population":[808,91,47,40]}}